-- Generate 40 realistic dummy CRM records across profiles, eligibility, tracker, and sanction tables
-- All records are linked through consistent user_id
-- Country: India, realistic Indian names and cities

-- NOTE: Replace these UUIDs with actual auth.users.id values from your Supabase instance
-- Or create test users first and use their UUIDs

-- Profiles table inserts (40 records)
-- Insert only existing columns in profiles table
-- Insert profiles only for users that already exist, match by email → users.email
INSERT INTO profiles (user_id, full_name, occupation, earnings, city, country, username, birthday, phone, annual_income)
SELECT u.id AS user_id, v.full_name, v.occupation, v.earnings, v.city, v.country, v.username, v.birthday::date, v.phone, v.annual_income
FROM (VALUES
('11111111-1111-1111-1111-111111111111', 'Rajesh Kumar', '1985-03-15', 'Male', 'Mumbai', 'Maharashtra', 'India', '+91 98765 43210', 'rajesh.kumar@email.com', 'Salaried Employees', 'Middle Income Group I (MIG-I)', 750000, 'rajesh_kumar', '1985-03-15', '+91 98765 43210'),
('22222222-2222-2222-2222-222222222222', 'Priya Sharma', '1990-07-22', 'Female', 'Delhi', 'Delhi', 'India', '+91 98765 43211', 'priya.sharma@email.com', 'Salaried Employees', 'Middle Income Group II (MIG-II)', 1200000, 'priya_sharma', '1990-07-22', '+91 98765 43211'),
('33333333-3333-3333-3333-333333333333', 'Amit Patel', '1988-11-08', 'Male', 'Ahmedabad', 'Gujarat', 'India', '+91 98765 43212', 'amit.patel@email.com', 'Small Business Owners / Entrepreneurs', 'High Income Group (HIG)', 2400000, 'amit_patel', '1988-11-08', '+91 98765 43212'),
('44444444-4444-4444-4444-444444444444', 'Sneha Reddy', '1992-05-30', 'Female', 'Hyderabad', 'Telangana', 'India', '+91 98765 43213', 'sneha.reddy@email.com', 'Salaried Employees', 'Middle Income Group I (MIG-I)', 850000, 'sneha_reddy', '1992-05-30', '+91 98765 43213'),
('55555555-5555-5555-5555-555555555555', 'Vikram Singh', '1987-09-14', 'Male', 'Bangalore', 'Karnataka', 'India', '+91 98765 43214', 'vikram.singh@email.com', 'Salaried Employees', 'Middle Income Group II (MIG-II)', 1500000, 'vikram_singh', '1987-09-14', '+91 98765 43214'),
('66666666-6666-6666-6666-666666666666', 'Ananya Desai', '1993-01-25', 'Female', 'Pune', 'Maharashtra', 'India', '+91 98765 43215', 'ananya.desai@email.com', 'Freelancers / Gig Workers', 'Middle Income Group I (MIG-I)', 680000, 'ananya_desai', '1993-01-25', '+91 98765 43215'),
('77777777-7777-7777-7777-777777777777', 'Arjun Menon', '1986-12-05', 'Male', 'Chennai', 'Tamil Nadu', 'India', '+91 98765 43216', 'arjun.menon@email.com', 'Salaried Employees', 'Middle Income Group I (MIG-I)', 780000, 'arjun_menon', '1986-12-05', '+91 98765 43216'),
('88888888-8888-8888-8888-888888888888', 'Meera Iyer', '1991-04-18', 'Female', 'Kolkata', 'West Bengal', 'India', '+91 98765 43217', 'meera.iyer@email.com', 'Salaried Employees', 'Middle Income Group II (MIG-II)', 1300000, 'meera_iyer', '1991-04-18', '+91 98765 43217'),
('99999999-9999-9999-9999-999999999999', 'Siddharth Joshi', '1989-08-12', 'Male', 'Jaipur', 'Rajasthan', 'India', '+91 98765 43218', 'siddharth.joshi@email.com', 'Small Business Owners / Entrepreneurs', 'Middle Income Group II (MIG-II)', 1600000, 'siddharth_joshi', '1989-08-12', '+91 98765 43218'),
('aaaaaaaa-aaaa-aaaa-aaaa-aaaaaaaaaaaa', 'Kavya Nair', '1994-02-28', 'Female', 'Kochi', 'Kerala', 'India', '+91 98765 43219', 'kavya.nair@email.com', 'Students', 'Lower Income Group (LIG)', 480000, 'kavya_nair', '1994-02-28', '+91 98765 43219'),
('bbbbbbbb-bbbb-bbbb-bbbb-bbbbbbbbbbbb', 'Rahul Verma', '1987-06-10', 'Male', 'Lucknow', 'Uttar Pradesh', 'India', '+91 98765 43220', 'rahul.verma@email.com', 'Salaried Employees', 'Middle Income Group I (MIG-I)', 720000, 'rahul_verma', '1987-06-10', '+91 98765 43220'),
('cccccccc-cccc-cccc-cccc-cccccccccccc', 'Divya Rao', '1990-10-03', 'Female', 'Visakhapatnam', 'Andhra Pradesh', 'India', '+91 98765 43221', 'divya.rao@email.com', 'Salaried Employees', 'Middle Income Group I (MIG-I)', 820000, 'divya_rao', '1990-10-03', '+91 98765 43221'),
('dddddddd-dddd-dddd-dddd-dddddddddddd', 'Karan Malhotra', '1988-04-20', 'Male', 'Chandigarh', 'Punjab', 'India', '+91 98765 43222', 'karan.malhotra@email.com', 'Salaried Employees', 'Middle Income Group II (MIG-II)', 1400000, 'karan_malhotra', '1988-04-20', '+91 98765 43222'),
('eeeeeeee-eeee-eeee-eeee-eeeeeeeeeeee', 'Isha Gupta', '1992-08-15', 'Female', 'Indore', 'Madhya Pradesh', 'India', '+91 98765 43223', 'isha.gupta@email.com', 'Salaried Employees', 'Lower Income Group (LIG)', 550000, 'isha_gupta', '1992-08-15', '+91 98765 43223'),
('ffffffff-ffff-ffff-ffff-ffffffffffff', 'Aditya Khanna', '1986-11-27', 'Male', 'Bhopal', 'Madhya Pradesh', 'India', '+91 98765 43224', 'aditya.khanna@email.com', 'Small Business Owners / Entrepreneurs', 'Middle Income Group II (MIG-II)', 1700000, 'aditya_khanna', '1986-11-27', '+91 98765 43224'),
('10101010-1010-1010-1010-101010101010', 'Riya Shah', '1993-03-09', 'Female', 'Surat', 'Gujarat', 'India', '+91 98765 43225', 'riya.shah@email.com', 'Salaried Employees', 'Middle Income Group I (MIG-I)', 680000, 'riya_shah', '1993-03-09', '+91 98765 43225'),
('20202020-2020-2020-2020-202020202020', 'Nikhil Agarwal', '1989-07-21', 'Male', 'Nagpur', 'Maharashtra', 'India', '+91 98765 43226', 'nikhil.agarwal@email.com', 'Salaried Employees', 'Middle Income Group I (MIG-I)', 760000, 'nikhil_agarwal', '1989-07-21', '+91 98765 43226'),
('30303030-3030-3030-3030-303030303030', 'Shreya Bhatt', '1991-01-13', 'Female', 'Vadodara', 'Gujarat', 'India', '+91 98765 43227', 'shreya.bhatt@email.com', 'Salaried Employees', 'Lower Income Group (LIG)', 520000, 'shreya_bhatt', '1991-01-13', '+91 98765 43227'),
('40404040-4040-4040-4040-404040404040', 'Rohan Kapoor', '1987-05-06', 'Male', 'Coimbatore', 'Tamil Nadu', 'India', '+91 98765 43228', 'rohan.kapoor@email.com', 'Small Business Owners / Entrepreneurs', 'Middle Income Group II (MIG-II)', 1550000, 'rohan_kapoor', '1987-05-06', '+91 98765 43228'),
('50505050-5050-5050-5050-505050505050', 'Neha Srinivasan', '1990-09-29', 'Female', 'Mysore', 'Karnataka', 'India', '+91 98765 43229', 'neha.srinivasan@email.com', 'Salaried Employees', 'Middle Income Group I (MIG-I)', 740000, 'neha_srinivasan', '1990-09-29', '+91 98765 43229'),
('60606060-6060-6060-6060-606060606060', 'Manish Tiwari', '1988-02-17', 'Male', 'Allahabad', 'Uttar Pradesh', 'India', '+91 98765 43230', 'manish.tiwari@email.com', 'Salaried Employees', 'Lower Income Group (LIG)', 580000, 'manish_tiwari', '1988-02-17', '+91 98765 43230'),
('70707070-7070-7070-7070-707070707070', 'Pooja Mehta', '1992-06-04', 'Female', 'Raipur', 'Chhattisgarh', 'India', '+91 98765 43231', 'pooja.mehta@email.com', 'Salaried Employees', 'Middle Income Group I (MIG-I)', 710000, 'pooja_mehta', '1992-06-04', '+91 98765 43231'),
('80808080-8080-8080-8080-808080808080', 'Abhishek Sahu', '1989-10-22', 'Male', 'Bhubaneswar', 'Odisha', 'India', '+91 98765 43232', 'abhishek.sahu@email.com', 'Small Business Owners / Entrepreneurs', 'High Income Group (HIG)', 2200000, 'abhishek_sahu', '1989-10-22', '+91 98765 43232'),
('90909090-9090-9090-9090-909090909090', 'Tanvi Pillai', '1993-12-11', 'Female', 'Thiruvananthapuram', 'Kerala', 'India', '+91 98765 43233', 'tanvi.pillai@email.com', 'Students', 'Economically Weaker Section (EWS)', 280000, 'tanvi_pillai', '1993-12-11', '+91 98765 43233'),
('a1a1a1a1-a1a1-a1a1-a1a1-a1a1a1a1a1a1', 'Vivek Dubey', '1987-04-26', 'Male', 'Kanpur', 'Uttar Pradesh', 'India', '+91 98765 43234', 'vivek.dubey@email.com', 'Salaried Employees', 'Middle Income Group I (MIG-I)', 730000, 'vivek_dubey', '1987-04-26', '+91 98765 43234'),
('b2b2b2b2-b2b2-b2b2-b2b2-b2b2b2b2b2b2', 'Anjali Trivedi', '1991-08-07', 'Female', 'Rajkot', 'Gujarat', 'India', '+91 98765 43235', 'anjali.trivedi@email.com', 'Salaried Employees', 'Lower Income Group (LIG)', 560000, 'anjali_trivedi', '1991-08-07', '+91 98765 43235'),
('c3c3c3c3-c3c3-c3c3-c3c3-c3c3c3c3c3c3', 'Gaurav Oberoi', '1988-01-19', 'Male', 'Ludhiana', 'Punjab', 'India', '+91 98765 43236', 'gaurav.oberoi@email.com', 'Small Business Owners / Entrepreneurs', 'Middle Income Group II (MIG-II)', 1650000, 'gaurav_oberoi', '1988-01-19', '+91 98765 43236'),
('d4d4d4d4-d4d4-d4d4-d4d4-d4d4d4d4d4d4', 'Shilpa Venkatesh', '1990-05-31', 'Female', 'Tiruchirappalli', 'Tamil Nadu', 'India', '+91 98765 43237', 'shilpa.venkatesh@email.com', 'Salaried Employees', 'Middle Income Group I (MIG-I)', 790000, 'shilpa_venkatesh', '1990-05-31', '+91 98765 43237'),
('e5e5e5e5-e5e5-e5e5-e5e5-e5e5e5e5e5e5', 'Harsh Jindal', '1989-09-14', 'Male', 'Amritsar', 'Punjab', 'India', '+91 98765 43238', 'harsh.jindal@email.com', 'Salaried Employees', 'Middle Income Group I (MIG-I)', 720000, 'harsh_jindal', '1989-09-14', '+91 98765 43238'),
('f6f6f6f6-f6f6-f6f6-f6f6-f6f6f6f6f6f6', 'Swati Nayak', '1992-11-25', 'Female', 'Cuttack', 'Odisha', 'India', '+91 98765 43239', 'swati.nayak@email.com', 'Salaried Employees', 'Lower Income Group (LIG)', 540000, 'swati_nayak', '1992-11-25', '+91 98765 43239'),
('11112222-3333-4444-5555-666677778888', 'Yash Chawla', '1987-07-08', 'Male', 'Agra', 'Uttar Pradesh', 'India', '+91 98765 43240', 'yash.chawla@email.com', 'Salaried Employees', 'Middle Income Group I (MIG-I)', 750000, 'yash_chawla', '1987-07-08', '+91 98765 43240'),
('22223333-4444-5555-6666-777788889999', 'Sakshi Banerjee', '1991-03-20', 'Female', 'Howrah', 'West Bengal', 'India', '+91 98765 43241', 'sakshi.banerjee@email.com', 'Salaried Employees', 'Middle Income Group I (MIG-I)', 800000, 'sakshi_banerjee', '1991-03-20', '+91 98765 43241'),
('33334444-5555-6666-7777-88889999aaaa', 'Kunal Saxena', '1988-12-02', 'Male', 'Bareilly', 'Uttar Pradesh', 'India', '+91 98765 43242', 'kunal.saxena@email.com', 'Small Business Owners / Entrepreneurs', 'Middle Income Group II (MIG-II)', 1450000, 'kunal_saxena', '1988-12-02', '+91 98765 43242'),
('44445555-6666-7777-8888-9999aaaabbbb', 'Maya Krishnan', '1993-04-16', 'Female', 'Madurai', 'Tamil Nadu', 'India', '+91 98765 43243', 'maya.krishnan@email.com', 'Students', 'Economically Weaker Section (EWS)', 320000, 'maya_krishnan', '1993-04-16', '+91 98765 43243'),
('55556666-7777-8888-9999-aaaabbbbcccc', 'Saurabh Rastogi', '1989-08-28', 'Male', 'Jalandhar', 'Punjab', 'India', '+91 98765 43244', 'saurabh.rastogi@email.com', 'Salaried Employees', 'Middle Income Group I (MIG-I)', 770000, 'saurabh_rastogi', '1989-08-28', '+91 98765 43244'),
('66667777-8888-9999-aaaa-bbbbccccdddd', 'Nandini Subramanian', '1990-06-09', 'Female', 'Salem', 'Tamil Nadu', 'India', '+91 98765 43245', 'nandini.subramanian@email.com', 'Salaried Employees', 'Middle Income Group I (MIG-I)', 710000, 'nandini_subramanian', '1990-06-09', '+91 98765 43245'),
('77778888-9999-aaaa-bbbb-ccccddddeeee', 'Tarun Goel', '1987-11-17', 'Male', 'Patna', 'Bihar', 'India', '+91 98765 43246', 'tarun.goel@email.com', 'Salaried Employees', 'Lower Income Group (LIG)', 600000, 'tarun_goel', '1987-11-17', '+91 98765 43246'),
('88889999-aaaa-bbbb-cccc-ddddeeeeffff', 'Deepika Ranganathan', '1992-02-23', 'Female', 'Hubli', 'Karnataka', 'India', '+91 98765 43247', 'deepika.ranganathan@email.com', 'Salaried Employees', 'Middle Income Group I (MIG-I)', 690000, 'deepika_ranganathan', '1992-02-23', '+91 98765 43247'),
('9999aaaa-bbbb-cccc-dddd-eeeeffff1111', 'Mohit Bansal', '1988-10-05', 'Male', 'Varanasi', 'Uttar Pradesh', 'India', '+91 98765 43248', 'mohit.bansal@email.com', 'Small Business Owners / Entrepreneurs', 'High Income Group (HIG)', 2500000, 'mohit_bansal', '1988-10-05', '+91 98765 43248')
) AS v(user_id, full_name, dob, gender, city, state, country, contact_number, email, occupation, earnings, annual_income, username, birthday, phone)
JOIN users u ON u.email = v.email;

-- Eligibility table inserts (40 records)
INSERT INTO eligibility (user_id, employment_type, monthly_income, loan_type, loan_amount, loan_tenure, eligibility_score, confidence, credit_score) VALUES
('11111111-1111-1111-1111-111111111111', 'Salaried', 62500, 'Home Loan', 3500000, 240, 78, 0.85, 720),
('22222222-2222-2222-2222-222222222222', 'Salaried', 100000, 'Personal Loan', 800000, 60, 82, 0.88, 750),
('33333333-3333-3333-3333-333333333333', 'Self-Employed', 200000, 'Business Loan', 15000000, 120, 85, 0.90, 780),
('44444444-4444-4444-4444-444444444444', 'Salaried', 70833, 'Education Loan', 1200000, 84, 75, 0.82, 700),
('55555555-5555-5555-5555-555555555555', 'Salaried', 125000, 'Vehicle Loan', 1800000, 60, 80, 0.86, 745),
('66666666-6666-6666-6666-666666666666', 'Self-Employed', 56667, 'Personal Loan', 600000, 48, 72, 0.78, 680),
('77777777-7777-7777-7777-777777777777', 'Salaried', 65000, 'Home Loan', 2800000, 180, 76, 0.83, 715),
('88888888-8888-8888-8888-888888888888', 'Salaried', 108333, 'Education Loan', 1000000, 72, 79, 0.84, 730),
('99999999-9999-9999-9999-999999999999', 'Self-Employed', 133333, 'Business Loan', 12000000, 108, 83, 0.87, 760),
('aaaaaaaa-aaaa-aaaa-aaaa-aaaaaaaaaaaa', 'Student', 40000, 'Education Loan', 800000, 96, 65, 0.70, 640),
('bbbbbbbb-bbbb-bbbb-bbbb-bbbbbbbbbbbb', 'Salaried', 60000, 'Personal Loan', 750000, 60, 74, 0.80, 705),
('cccccccc-cccc-cccc-cccc-cccccccccccc', 'Salaried', 68333, 'Vehicle Loan', 1400000, 60, 77, 0.82, 720),
('dddddddd-dddd-dddd-dddd-dddddddddddd', 'Salaried', 116667, 'Home Loan', 4500000, 300, 81, 0.88, 755),
('eeeeeeee-eeee-eeee-eeee-eeeeeeeeeeee', 'Salaried', 45833, 'Personal Loan', 500000, 48, 70, 0.75, 675),
('ffffffff-ffff-ffff-ffff-ffffffffffff', 'Self-Employed', 141667, 'Business Loan', 13500000, 120, 84, 0.89, 770),
('10101010-1010-1010-1010-101010101010', 'Salaried', 56667, 'Vehicle Loan', 1200000, 48, 73, 0.79, 695),
('20202020-2020-2020-2020-202020202020', 'Salaried', 63333, 'Home Loan', 3200000, 240, 77, 0.83, 718),
('30303030-3030-3030-3030-303030303030', 'Salaried', 43333, 'Personal Loan', 450000, 36, 68, 0.72, 660),
('40404040-4040-4040-4040-404040404040', 'Self-Employed', 129167, 'Business Loan', 12500000, 108, 82, 0.86, 750),
('50505050-5050-5050-5050-505050505050', 'Salaried', 61667, 'Education Loan', 1100000, 84, 76, 0.81, 710),
('60606060-6060-6060-6060-606060606060', 'Salaried', 48333, 'Vehicle Loan', 1000000, 48, 71, 0.76, 685),
('70707070-7070-7070-7070-707070707070', 'Salaried', 59167, 'Personal Loan', 650000, 48, 73, 0.78, 698),
('80808080-8080-8080-8080-808080808080', 'Self-Employed', 183333, 'Business Loan', 18000000, 120, 86, 0.91, 795),
('90909090-9090-9090-9090-909090909090', 'Student', 23333, 'Education Loan', 500000, 120, 60, 0.65, 620),
('a1a1a1a1-a1a1-a1a1-a1a1-a1a1a1a1a1a1', 'Salaried', 60833, 'Home Loan', 3000000, 240, 76, 0.82, 712),
('b2b2b2b2-b2b2-b2b2-b2b2-b2b2b2b2b2b2', 'Salaried', 46667, 'Personal Loan', 480000, 36, 69, 0.73, 665),
('c3c3c3c3-c3c3-c3c3-c3c3-c3c3c3c3c3c3', 'Self-Employed', 137500, 'Vehicle Loan', 2000000, 60, 81, 0.85, 748),
('d4d4d4d4-d4d4-d4d4-d4d4-d4d4d4d4d4d4', 'Salaried', 65833, 'Education Loan', 1050000, 72, 75, 0.80, 708),
('e5e5e5e5-e5e5-e5e5-e5e5-e5e5e5e5e5e5', 'Salaried', 60000, 'Personal Loan', 700000, 48, 74, 0.79, 702),
('f6f6f6f6-f6f6-f6f6-f6f6-f6f6f6f6f6f6', 'Salaried', 45000, 'Vehicle Loan', 950000, 48, 70, 0.75, 678),
('11112222-3333-4444-5555-666677778888', 'Salaried', 62500, 'Home Loan', 3400000, 240, 77, 0.83, 716),
('22223333-4444-5555-6666-777788889999', 'Salaried', 66667, 'Education Loan', 1150000, 84, 76, 0.81, 715),
('33334444-5555-6666-7777-88889999aaaa', 'Self-Employed', 120833, 'Business Loan', 11500000, 108, 81, 0.84, 742),
('44445555-6666-7777-8888-9999aaaabbbb', 'Student', 26667, 'Education Loan', 600000, 120, 62, 0.67, 630),
('55556666-7777-8888-9999-aaaabbbbcccc', 'Salaried', 64167, 'Vehicle Loan', 1500000, 60, 75, 0.80, 710),
('66667777-8888-9999-aaaa-bbbbccccdddd', 'Salaried', 59167, 'Personal Loan', 680000, 48, 73, 0.78, 699),
('77778888-9999-aaaa-bbbb-ccccddddeeee', 'Salaried', 50000, 'Home Loan', 2400000, 180, 72, 0.77, 688),
('88889999-aaaa-bbbb-cccc-ddddeeeeffff', 'Salaried', 57500, 'Education Loan', 980000, 72, 74, 0.79, 695),
('9999aaaa-bbbb-cccc-dddd-eeeeffff1111', 'Self-Employed', 208333, 'Business Loan', 20000000, 120, 87, 0.92, 800);

-- Tracker table inserts (40 records)
INSERT INTO tracker (user_id, application_id, loan_type, amount, status, progress, next_step, current_stage, updated_at) VALUES
('11111111-1111-1111-1111-111111111111', 'LN-01234', 'Home Loan', 3500000, 'approved', 75, 'Awaiting Documentation', 'review', '2024-11-15 10:30:00+05:30'),
('22222222-2222-2222-2222-222222222222', 'LN-01235', 'Personal Loan', 800000, 'disbursed', 95, 'Disbursement Completed', 'disbursement', '2024-11-18 14:20:00+05:30'),
('33333333-3333-3333-3333-333333333333', 'LN-01236', 'Business Loan', 15000000, 'in_review', 50, 'Credit Assessment', 'review', '2024-11-20 09:15:00+05:30'),
('44444444-4444-4444-4444-444444444444', 'LN-01237', 'Education Loan', 1200000, 'pending', 25, 'Document Verification', 'verification', '2024-11-22 11:45:00+05:30'),
('55555555-5555-5555-5555-555555555555', 'LN-01238', 'Vehicle Loan', 1800000, 'approved', 80, 'Sanction Letter Generation', 'approval', '2024-11-19 16:30:00+05:30'),
('66666666-6666-6666-6666-666666666666', 'LN-01239', 'Personal Loan', 600000, 'pending', 30, 'Income Verification', 'verification', '2024-11-23 08:20:00+05:30'),
('77777777-7777-7777-7777-777777777777', 'LN-01240', 'Home Loan', 2800000, 'in_review', 60, 'Property Valuation', 'review', '2024-11-21 13:10:00+05:30'),
('88888888-8888-8888-8888-888888888888', 'LN-01241', 'Education Loan', 1000000, 'approved', 85, 'Disbursement Processing', 'disbursement', '2024-11-17 15:45:00+05:30'),
('99999999-9999-9999-9999-999999999999', 'LN-01242', 'Business Loan', 12000000, 'completed', 100, 'Loan Closed', 'completed', '2024-11-10 12:00:00+05:30'),
('aaaaaaaa-aaaa-aaaa-aaaa-aaaaaaaaaaaa', 'LN-01243', 'Education Loan', 800000, 'pending', 20, 'Initial Review', 'submitted', '2024-11-24 10:00:00+05:30'),
('bbbbbbbb-bbbb-bbbb-bbbb-bbbbbbbbbbbb', 'LN-01244', 'Personal Loan', 750000, 'in_review', 55, 'Credit Check', 'review', '2024-11-22 14:30:00+05:30'),
('cccccccc-cccc-cccc-cccc-cccccccccccc', 'LN-01245', 'Vehicle Loan', 1400000, 'approved', 75, 'Final Approval', 'approval', '2024-11-18 11:20:00+05:30'),
('dddddddd-dddd-dddd-dddd-dddddddddddd', 'LN-01246', 'Home Loan', 4500000, 'in_review', 65, 'Legal Documentation', 'review', '2024-11-20 09:45:00+05:30'),
('eeeeeeee-eeee-eeee-eeee-eeeeeeeeeeee', 'LN-01247', 'Personal Loan', 500000, 'pending', 35, 'Employment Verification', 'verification', '2024-11-23 12:15:00+05:30'),
('ffffffff-ffff-ffff-ffff-ffffffffffff', 'LN-01248', 'Business Loan', 13500000, 'approved', 90, 'Disbursement Scheduled', 'disbursement', '2024-11-16 17:00:00+05:30'),
('10101010-1010-1010-1010-101010101010', 'LN-01249', 'Vehicle Loan', 1200000, 'in_review', 58, 'Vehicle Inspection', 'review', '2024-11-21 15:30:00+05:30'),
('20202020-2020-2020-2020-202020202020', 'LN-01250', 'Home Loan', 3200000, 'approved', 82, 'Loan Agreement', 'approval', '2024-11-19 10:15:00+05:30'),
('30303030-3030-3030-3030-303030303030', 'LN-01251', 'Personal Loan', 450000, 'pending', 28, 'KYC Verification', 'verification', '2024-11-24 08:45:00+05:30'),
('40404040-4040-4040-4040-404040404040', 'LN-01252', 'Business Loan', 12500000, 'in_review', 70, 'Business Assessment', 'review', '2024-11-20 14:20:00+05:30'),
('50505050-5050-5050-5050-505050505050', 'LN-01253', 'Education Loan', 1100000, 'approved', 88, 'Fee Payment', 'disbursement', '2024-11-17 11:30:00+05:30'),
('60606060-6060-6060-6060-606060606060', 'LN-01254', 'Vehicle Loan', 1000000, 'pending', 32, 'Bank Statement Review', 'verification', '2024-11-23 09:30:00+05:30'),
('70707070-7070-7070-7070-707070707070', 'LN-01255', 'Personal Loan', 650000, 'in_review', 52, 'Credit Score Analysis', 'review', '2024-11-22 16:10:00+05:30'),
('80808080-8080-8080-8080-808080808080', 'LN-01256', 'Business Loan', 18000000, 'approved', 92, 'Final Disbursement', 'disbursement', '2024-11-15 13:45:00+05:30'),
('90909090-9090-9090-9090-909090909090', 'LN-01257', 'Education Loan', 500000, 'pending', 18, 'Application Processing', 'submitted', '2024-11-24 12:00:00+05:30'),
('a1a1a1a1-a1a1-a1a1-a1a1-a1a1a1a1a1a1', 'LN-01258', 'Home Loan', 3000000, 'in_review', 68, 'Property Documents', 'review', '2024-11-21 10:30:00+05:30'),
('b2b2b2b2-b2b2-b2b2-b2b2-b2b2b2b2b2b2', 'LN-01259', 'Personal Loan', 480000, 'pending', 30, 'Identity Verification', 'verification', '2024-11-23 14:20:00+05:30'),
('c3c3c3c3-c3c3-c3c3-c3c3-c3c3c3c3c3c3', 'LN-01260', 'Vehicle Loan', 2000000, 'approved', 85, 'Disbursement Initiated', 'disbursement', '2024-11-18 09:00:00+05:30'),
('d4d4d4d4-d4d4-d4d4-d4d4-d4d4d4d4d4d4', 'LN-01261', 'Education Loan', 1050000, 'in_review', 62, 'Admission Proof', 'review', '2024-11-21 15:15:00+05:30'),
('e5e5e5e5-e5e5-e5e5-e5e5-e5e5e5e5e5e5', 'LN-01262', 'Personal Loan', 700000, 'approved', 78, 'Loan Agreement Signing', 'approval', '2024-11-19 11:45:00+05:30'),
('f6f6f6f6-f6f6-f6f6-f6f6-f6f6f6f6f6f6', 'LN-01263', 'Vehicle Loan', 950000, 'pending', 25, 'Vehicle Details', 'verification', '2024-11-24 07:30:00+05:30'),
('11112222-3333-4444-5555-666677778888', 'LN-01264', 'Home Loan', 3400000, 'in_review', 72, 'Property Valuation Report', 'review', '2024-11-20 12:30:00+05:30'),
('22223333-4444-5555-6666-777788889999', 'LN-01265', 'Education Loan', 1150000, 'approved', 86, 'Disbursement Pending', 'disbursement', '2024-11-17 14:00:00+05:30'),
('33334444-5555-6666-7777-88889999aaaa', 'LN-01266', 'Business Loan', 11500000, 'in_review', 68, 'Financial Statements Review', 'review', '2024-11-21 08:45:00+05:30'),
('44445555-6666-7777-8888-9999aaaabbbb', 'LN-01267', 'Education Loan', 600000, 'pending', 22, 'College Admission Letter', 'verification', '2024-11-23 11:00:00+05:30'),
('55556666-7777-8888-9999-aaaabbbbcccc', 'LN-01268', 'Vehicle Loan', 1500000, 'approved', 80, 'Insurance Processing', 'approval', '2024-11-18 16:20:00+05:30'),
('66667777-8888-9999-aaaa-bbbbccccdddd', 'LN-01269', 'Personal Loan', 680000, 'in_review', 54, 'Income Assessment', 'review', '2024-11-22 13:30:00+05:30'),
('77778888-9999-aaaa-bbbb-ccccddddeeee', 'LN-01270', 'Home Loan', 2400000, 'pending', 38, 'Property Registration', 'verification', '2024-11-23 15:45:00+05:30'),
('88889999-aaaa-bbbb-cccc-ddddeeeeffff', 'LN-01271', 'Education Loan', 980000, 'in_review', 59, 'Course Fee Structure', 'review', '2024-11-22 10:20:00+05:30'),
('9999aaaa-bbbb-cccc-dddd-eeeeffff1111', 'LN-01272', 'Business Loan', 20000000, 'approved', 94, 'Final Disbursement', 'disbursement', '2024-11-14 09:30:00+05:30');

-- Sanction table inserts (16 records - only for approved/disbursed loans)
INSERT INTO sanction (sanction_id, user_id, application_id, loan_type, sanctioned_amount, interest_rate, tenure_months, emi_amount, processing_fees, sanction_date, approval_officer, sanction_status) VALUES
(gen_random_uuid(), '11111111-1111-1111-1111-111111111111', 'LN-01234', 'Home Loan', 3500000, 8.75, 240, 30850, 52500, '2024-11-15', 'Rajesh Mehta', 'Sanctioned'),
(gen_random_uuid(), '22222222-2222-2222-2222-222222222222', 'LN-01235', 'Personal Loan', 800000, 12.50, 60, 18050, 16000, '2024-11-08', 'Priya Nair', 'Disbursed'),
(gen_random_uuid(), '55555555-5555-5555-5555-555555555555', 'LN-01238', 'Vehicle Loan', 1800000, 9.25, 60, 37650, 27000, '2024-11-19', 'Sneha Reddy', 'Sanctioned'),
(gen_random_uuid(), '88888888-8888-8888-8888-888888888888', 'LN-01241', 'Education Loan', 1000000, 8.50, 72, 17600, 15000, '2024-11-17', 'Vikram Singh', 'Disbursed'),
(gen_random_uuid(), '99999999-9999-9999-9999-999999999999', 'LN-01242', 'Business Loan', 12000000, 10.75, 108, 155000, 120000, '2024-11-10', 'Ananya Desai', 'Completed'),
(gen_random_uuid(), 'cccccccc-cccc-cccc-cccc-cccccccccccc', 'LN-01245', 'Vehicle Loan', 1400000, 9.50, 48, 33800, 21000, '2024-11-18', 'Arjun Menon', 'Sanctioned'),
(gen_random_uuid(), 'ffffffff-ffff-ffff-ffff-ffffffffffff', 'LN-01248', 'Business Loan', 13500000, 11.25, 108, 148500, 135000, '2024-11-16', 'Meera Iyer', 'Disbursed'),
(gen_random_uuid(), '20202020-2020-2020-2020-202020202020', 'LN-01250', 'Home Loan', 3200000, 8.90, 240, 28200, 48000, '2024-11-19', 'Siddharth Joshi', 'Sanctioned'),
(gen_random_uuid(), '50505050-5050-5050-5050-505050505050', 'LN-01253', 'Education Loan', 1100000, 8.75, 84, 18250, 16500, '2024-11-17', 'Kavya Nair', 'Disbursed'),
(gen_random_uuid(), '80808080-8080-8080-8080-808080808080', 'LN-01256', 'Business Loan', 18000000, 11.50, 120, 198000, 180000, '2024-11-15', 'Rahul Verma', 'Disbursed'),
(gen_random_uuid(), 'c3c3c3c3-c3c3-c3c3-c3c3-c3c3c3c3c3c3', 'LN-01260', 'Vehicle Loan', 2000000, 9.75, 60, 42200, 30000, '2024-11-18', 'Divya Rao', 'Sanctioned'),
(gen_random_uuid(), 'e5e5e5e5-e5e5-e5e5-e5e5-e5e5e5e5e5e5', 'LN-01262', 'Personal Loan', 700000, 13.00, 48, 18700, 14000, '2024-11-19', 'Karan Malhotra', 'Sanctioned'),
(gen_random_uuid(), '22223333-4444-5555-6666-777788889999', 'LN-01265', 'Education Loan', 1150000, 8.90, 84, 19000, 17250, '2024-11-17', 'Isha Gupta', 'Sanctioned'),
(gen_random_uuid(), '55556666-7777-8888-9999-aaaabbbbcccc', 'LN-01268', 'Vehicle Loan', 1500000, 9.50, 60, 31650, 22500, '2024-11-18', 'Aditya Khanna', 'Sanctioned'),
(gen_random_uuid(), '9999aaaa-bbbb-cccc-dddd-eeeeffff1111', 'LN-01272', 'Business Loan', 20000000, 11.75, 120, 220000, 200000, '2024-11-14', 'Riya Shah', 'Disbursed');
